{
  "features_order": [
    "gc_distance_km",
    "avg_wind_knots",
    "max_wave_m",
    "rain_mm",
    "visibility_km",
    "month",
    "origin_queue",
    "dest_queue",
    "port_congestion_idx",
    "lat_o",
    "lon_o",
    "lat_d",
    "lon_d",
    "port_origin",
    "port_dest",
    "season"
  ],
  "scaler_mean_": [
    9322.190398189143,
    12.528759417378202,
    1.3800552486187843,
    3.119713711702662,
    16.838355602443034,
    6.826469110999498,
    3.506780512305374,
    3.4919638372677047,
    0.7000167073611652,
    17.180761778001003,
    39.29594892014063,
    18.854291310899047,
    33.5760755901557,
    8.544701155198393,
    8.489703666499247,
    1.5497237569060773
  ],
  "scaler_scale_": [
    4544.585964373397,
    6.139530540729719,
    1.0667598565861167,
    7.976668678895077,
    2.90535392973428,
    3.5408603691216682,
    2.2889750022808766,
    2.2979498015634316,
    0.28989243763944783,
    26.48320248661143,
    83.2579940218515,
    27.251162741174767,
    81.98877872992253,
    5.1971078962996025,
    5.134530629386693,
    1.1457841726080198
  ],
  "encoders": {
    "port_origin": {
      "classes_": [
        "Algeciras",
        "Antwerp",
        "Busan",
        "Callao",
        "Durban",
        "Hong Kong",
        "Jeddah",
        "Los Angeles",
        "Manila",
        "New York",
        "Piraeus",
        "Rotterdam",
        "Santos",
        "Shanghai",
        "Singapore",
        "Sydney",
        "Tokyo",
        "Valencia"
      ]
    },
    "port_dest": {
      "classes_": [
        "Algeciras",
        "Antwerp",
        "Busan",
        "Callao",
        "Durban",
        "Hong Kong",
        "Jeddah",
        "Los Angeles",
        "Manila",
        "New York",
        "Piraeus",
        "Rotterdam",
        "Santos",
        "Shanghai",
        "Singapore",
        "Sydney",
        "Tokyo",
        "Valencia"
      ]
    },
    "season": {
      "classes_": [
        "DJF",
        "JJA",
        "MAM",
        "SON"
      ]
    }
  }
}