{
  "features_order": [
    "gc_distance_km",
    "avg_wind_knots",
    "max_wave_m",
    "rain_mm",
    "visibility_km",
    "month",
    "origin_queue",
    "dest_queue",
    "port_congestion_idx",
    "lat_o",
    "lon_o",
    "lat_d",
    "lon_d",
    "port_origin",
    "port_dest",
    "season"
  ],
  "scaler_mean_": [
    9371.53839149138,
    13.434309000000002,
    1.809464421572026,
    2.74519,
    16.964018736458062,
    6.5543,
    3.5335,
    3.5237,
    0.6991350908744322,
    16.18449373,
    -5.48254577,
    15.84801423,
    -5.56439359,
    15.3642,
    15.6547,
    1.4907
  ],
  "scaler_scale_": [
    4617.743736898633,
    6.5285064323257735,
    0.875459727856521,
    7.157886619938877,
    2.7112550824280977,
    3.463878102647378,
    2.3020594583980665,
    2.2809731059352716,
    0.28701609152033986,
    30.223069636497673,
    85.38859430285083,
    30.105410266862908,
    85.64381054218654,
    9.28262669506859,
    9.205328234777943,
    1.120764698765981
  ],
  "encoders": {
    "port_origin": {
      "classes_": [
        "Balboa",
        "Buenos Aires",
        "Busan",
        "Callao",
        "Cartagena",
        "Casablanca",
        "Dubai",
        "Durban",
        "Genova",
        "Guayaquil",
        "Hamburgo",
        "Hong Kong",
        "Houston",
        "Lagos",
        "Le Havre",
        "Lisboa",
        "Long Beach",
        "Manzanillo",
        "Melbourne",
        "New York",
        "Prince Rupert",
        "Rio de Janeiro",
        "Rotterdam",
        "San Antonio",
        "Shanghai",
        "Singapore",
        "Sídney",
        "Tanger Med",
        "Tokyo",
        "Valencia",
        "Valparaíso",
        "Vancouver"
      ]
    },
    "port_dest": {
      "classes_": [
        "Balboa",
        "Buenos Aires",
        "Busan",
        "Callao",
        "Cartagena",
        "Casablanca",
        "Dubai",
        "Durban",
        "Genova",
        "Guayaquil",
        "Hamburgo",
        "Hong Kong",
        "Houston",
        "Lagos",
        "Le Havre",
        "Lisboa",
        "Long Beach",
        "Manzanillo",
        "Melbourne",
        "New York",
        "Prince Rupert",
        "Rio de Janeiro",
        "Rotterdam",
        "San Antonio",
        "Shanghai",
        "Singapore",
        "Sídney",
        "Tanger Med",
        "Tokyo",
        "Valencia",
        "Valparaíso",
        "Vancouver"
      ]
    },
    "season": {
      "classes_": [
        "DJF",
        "JJA",
        "MAM",
        "SON"
      ]
    }
  }
}